event_date,region,user_id,page,timestamp
2025-07-10,California,10fecc95,Checkout,2025-07-24 18:36:44
2025-07-23,Washington,849804c7,Cart,2025-07-16 13:18:11
2025-07-12,California,5b0b0489,Checkout,2025-07-12 03:14:49
2025-07-16,California,61e38ec6,Cart,2025-07-17 01:11:41
2025-07-13,New York,1f5d5e5f,Cart,2025-07-13 14:42:04
2025-07-13,New York,b287632b,Home,2025-07-22 14:24:42
2025-07-16,Florida,666a3145,Search,2025-07-15 06:04:17
2025-07-22,Florida,b9a1fff4,Product,2025-07-13 00:03:10
2025-07-10,California,62ab1218,Cart,2025-07-10 23:01:59
2025-07-14,Texas,33e35224,Search,2025-07-10 12:20:21
2025-07-24,Washington,305be78f,Cart,2025-07-20 00:02:47
2025-07-11,New York,c83bbb2c,Cart,2025-07-14 17:57:10
2025-07-11,Texas,6a96b4fc,Cart,2025-07-16 04:25:17
2025-07-21,Florida,79f91297,Home,2025-07-17 03:31:01
2025-07-18,New York,c0f89242,Product,2025-07-11 03:11:35
2025-07-19,Florida,fb701a6f,Search,2025-07-14 02:53:10
2025-07-24,Florida,db76e723,Checkout,2025-07-10 17:05:41
2025-07-14,Texas,a91b7c95,Cart,2025-07-22 16:52:29
2025-07-24,Washington,c44d533f,Checkout,2025-07-14 08:10:24
2025-07-23,California,7eee8349,Checkout,2025-07-13 04:21:46
2025-07-12,New York,2de21a82,Checkout,2025-07-14 01:11:05
2025-07-23,California,2c085e4e,Product,2025-07-22 10:59:38
2025-07-22,New York,1a0e298f,Product,2025-07-13 15:18:35
2025-07-16,Washington,fa278c78,Checkout,2025-07-12 20:55:02
2025-07-14,New York,a6f8d060,Product,2025-07-21 11:39:35
2025-07-13,California,485b0cf4,Home,2025-07-20 21:33:32
2025-07-10,California,03a7bfa5,Cart,2025-07-24 09:24:01
2025-07-19,Washington,02905d3a,Checkout,2025-07-17 05:42:52
2025-07-19,Florida,7e7a14fa,Product,2025-07-11 07:55:43
2025-07-21,Florida,67755040,Cart,2025-07-18 13:05:18
2025-07-23,Florida,2b8ecc19,Checkout,2025-07-11 09:15:29
2025-07-18,Florida,a732d898,Product,2025-07-11 12:22:05
2025-07-24,California,1b1f83f1,Product,2025-07-17 17:53:27
2025-07-16,Florida,2ead487e,Checkout,2025-07-16 11:46:04
2025-07-22,Texas,a1737b18,Product,2025-07-23 19:14:12
2025-07-18,Florida,dfbd7550,Checkout,2025-07-13 14:46:47
2025-07-13,California,d2f3433c,Home,2025-07-15 14:51:30
2025-07-11,California,ca97342c,Product,2025-07-16 18:04:20
2025-07-23,California,298a78ac,Cart,2025-07-14 17:43:03
2025-07-10,California,6226689e,Cart,2025-07-17 12:41:22
2025-07-15,Texas,55611268,Product,2025-07-14 00:13:54
2025-07-12,New York,224d9df4,Cart,2025-07-14 05:56:15
2025-07-22,New York,4978ad83,Cart,2025-07-12 22:46:54
2025-07-21,Washington,7ef36d1f,Product,2025-07-21 21:29:17
2025-07-21,Florida,fd202e39,Home,2025-07-14 04:17:43
2025-07-10,New York,5f703ac7,Checkout,2025-07-13 06:18:08
2025-07-24,California,6c171a76,Product,2025-07-13 14:41:13
2025-07-21,Florida,be9dc21f,Search,2025-07-15 06:17:54
2025-07-18,California,35d747ee,Search,2025-07-17 21:31:11
2025-07-10,New York,5b355a98,Checkout,2025-07-19 19:47:45
2025-07-24,Florida,900608ce,Search,2025-07-14 20:29:45
2025-07-21,New York,f821177c,Cart,2025-07-24 07:24:07
2025-07-24,New York,80c93f59,Home,2025-07-23 09:02:34
2025-07-13,Washington,a5e6143e,Product,2025-07-22 18:47:28
2025-07-17,Texas,dec079cd,Checkout,2025-07-14 01:45:11
2025-07-22,Florida,91f506e9,Home,2025-07-18 04:23:26
2025-07-24,New York,9d830039,Cart,2025-07-13 13:57:30
2025-07-12,Florida,e274dcfc,Cart,2025-07-16 20:53:46
2025-07-11,Washington,b803145c,Cart,2025-07-10 09:21:45
2025-07-10,Texas,3a631300,Cart,2025-07-24 04:09:11
2025-07-10,New York,b8c5252d,Cart,2025-07-17 21:01:39
2025-07-12,Florida,b7fb1ca7,Cart,2025-07-25 01:31:08
2025-07-13,Florida,81cd7b1b,Cart,2025-07-20 18:57:29
2025-07-23,New York,4df805bc,Search,2025-07-16 03:38:27
2025-07-20,Washington,b375533d,Product,2025-07-23 04:49:50
2025-07-10,New York,897a106f,Checkout,2025-07-16 20:01:59
2025-07-12,Washington,f94da242,Cart,2025-07-12 10:02:13
2025-07-14,California,36b5d128,Product,2025-07-13 22:43:03
2025-07-13,California,61c7118a,Search,2025-07-24 01:03:08
2025-07-23,Florida,9299e2ed,Product,2025-07-15 08:19:07
2025-07-24,Texas,a97fd584,Product,2025-07-19 15:57:38
2025-07-11,Texas,e76c2d25,Checkout,2025-07-20 10:28:37
2025-07-10,California,65feb80c,Product,2025-07-12 08:41:17
2025-07-20,Washington,70a40650,Home,2025-07-21 10:54:44
2025-07-14,California,3bf4d15b,Cart,2025-07-12 15:49:34
2025-07-23,Texas,c2273c53,Home,2025-07-22 05:46:24
2025-07-18,Texas,587f4b1e,Home,2025-07-19 06:35:20
2025-07-23,New York,b515a69e,Search,2025-07-13 18:21:37
2025-07-18,California,bb7c7184,Search,2025-07-14 17:28:30
2025-07-23,Florida,74652ea9,Home,2025-07-15 02:37:55
2025-07-12,New York,1bb654b2,Home,2025-07-19 10:29:13
2025-07-22,Texas,aa7bc638,Home,2025-07-16 05:51:44
2025-07-17,Texas,8677f1d5,Home,2025-07-14 19:19:19
2025-07-19,California,ff3a6cbe,Checkout,2025-07-19 11:21:13
2025-07-17,Washington,a8a03342,Search,2025-07-12 03:59:02
2025-07-20,Florida,f2c6eded,Cart,2025-07-10 10:57:21
2025-07-24,Texas,826a0f06,Cart,2025-07-16 07:51:45
2025-07-20,Texas,39f95fc0,Product,2025-07-23 03:01:12
2025-07-10,Florida,cba3173e,Home,2025-07-11 21:05:40
2025-07-14,Texas,387fb0b5,Checkout,2025-07-14 18:11:02
2025-07-21,Florida,03e4f8d5,Checkout,2025-07-16 02:41:42
2025-07-24,Washington,6108aa71,Search,2025-07-19 11:28:18
2025-07-10,California,e6c94ca5,Checkout,2025-07-13 06:18:07
2025-07-10,New York,3f175d72,Product,2025-07-21 17:16:46
2025-07-21,Texas,10adc30c,Cart,2025-07-16 22:52:06
2025-07-23,Texas,5dcd62fd,Cart,2025-07-11 00:59:33
2025-07-10,Washington,df6e0774,Search,2025-07-25 02:11:11
2025-07-17,Washington,10404a2a,Search,2025-07-21 17:01:36
2025-07-22,California,e144bf02,Product,2025-07-14 06:44:40
2025-07-10,Florida,52de0541,Search,2025-07-20 06:01:02
2025-07-16,Texas,f4a541e2,Home,2025-07-13 10:54:58
2025-07-10,Texas,6ad1a94e,Cart,2025-07-14 01:31:25
2025-07-23,California,57bf4819,Checkout,2025-07-11 07:15:46
2025-07-24,Texas,62964811,Product,2025-07-10 12:53:37
2025-07-16,California,34dfc3d8,Cart,2025-07-19 04:45:47
2025-07-19,Texas,30f2963d,Home,2025-07-12 09:39:30
2025-07-15,Washington,8447fd88,Checkout,2025-07-21 12:12:49
2025-07-21,California,669471c0,Home,2025-07-12 23:26:57
2025-07-14,California,509dc264,Cart,2025-07-14 23:53:39
2025-07-14,New York,1e56c430,Search,2025-07-19 22:44:36
2025-07-16,Texas,55f3456f,Search,2025-07-11 04:51:45
2025-07-16,Washington,00874bd1,Home,2025-07-15 04:23:13
2025-07-18,New York,6bc74467,Home,2025-07-20 08:05:20
2025-07-24,California,93c52f77,Search,2025-07-22 22:11:32
2025-07-20,New York,83144bdc,Cart,2025-07-15 19:06:55
2025-07-10,California,0225a665,Home,2025-07-10 07:14:03
2025-07-12,Texas,1ce6248c,Product,2025-07-23 08:57:39
2025-07-16,Washington,c3006462,Checkout,2025-07-23 15:06:20
2025-07-24,California,34e9c5e7,Product,2025-07-14 21:43:19
2025-07-23,Washington,245d57a1,Product,2025-07-10 18:53:04
2025-07-13,New York,c9c838bb,Product,2025-07-11 05:02:42
2025-07-24,Florida,c791b5f6,Search,2025-07-24 06:50:33
2025-07-19,Texas,60bee010,Product,2025-07-15 19:04:00
2025-07-23,Washington,f6139294,Checkout,2025-07-24 10:35:47
2025-07-17,Texas,5476945f,Search,2025-07-24 01:44:08
2025-07-18,California,c1027ac5,Product,2025-07-15 07:37:55
2025-07-20,Florida,02a4e874,Checkout,2025-07-11 21:04:18
2025-07-15,New York,badc7e98,Search,2025-07-21 05:37:14
2025-07-21,California,5c10cad5,Product,2025-07-20 14:53:15
2025-07-18,Washington,4eec6148,Product,2025-07-19 06:36:16
2025-07-16,California,8012de09,Home,2025-07-21 08:59:14
2025-07-21,California,2d71a7ee,Search,2025-07-19 19:21:35
2025-07-24,California,88983fa2,Product,2025-07-23 02:15:33
2025-07-24,Texas,8241cc92,Checkout,2025-07-20 19:28:24
2025-07-15,Florida,fbae4924,Checkout,2025-07-15 06:48:54
2025-07-22,Texas,d7e7f0f4,Checkout,2025-07-21 01:59:54
2025-07-14,Florida,be787a60,Cart,2025-07-23 19:24:29
2025-07-12,Texas,956f5408,Search,2025-07-10 17:03:52
2025-07-10,Florida,933c7b46,Checkout,2025-07-24 11:59:32
2025-07-16,Florida,3eec1ddf,Home,2025-07-22 04:56:08
2025-07-15,Florida,56ffb8b1,Checkout,2025-07-16 01:30:43
2025-07-24,California,9298a2fb,Checkout,2025-07-24 07:58:13
2025-07-22,Florida,de9dd99b,Home,2025-07-15 20:38:29
2025-07-21,Washington,868b1107,Home,2025-07-20 01:49:09
2025-07-24,Texas,d1180bd4,Cart,2025-07-21 13:56:31
2025-07-17,California,fc99c667,Home,2025-07-16 23:18:13
2025-07-24,Texas,14d8e37a,Product,2025-07-14 19:22:37
2025-07-10,California,58a297b4,Home,2025-07-24 15:19:51
2025-07-16,California,e40b1e1a,Search,2025-07-12 18:10:43
2025-07-14,Washington,bfa4ffb7,Cart,2025-07-15 15:50:07
2025-07-19,Washington,476d0585,Product,2025-07-22 17:06:19
2025-07-17,New York,9688542e,Checkout,2025-07-23 18:57:20
2025-07-14,California,0deef8a5,Product,2025-07-11 15:16:13
2025-07-20,New York,8fabd835,Cart,2025-07-16 05:14:05
2025-07-22,California,7ce86ac7,Search,2025-07-14 02:34:36
2025-07-24,Texas,e91ec2bc,Cart,2025-07-13 17:07:08
2025-07-15,New York,c6d10ea6,Search,2025-07-12 06:32:00
2025-07-22,Florida,836966ee,Search,2025-07-20 00:11:42
2025-07-22,Florida,8d4d3571,Cart,2025-07-16 21:08:46
2025-07-11,Washington,0bea0101,Cart,2025-07-13 11:52:25
2025-07-20,Texas,0306a908,Product,2025-07-17 13:40:07
2025-07-15,Texas,17417372,Product,2025-07-10 15:32:31
2025-07-17,California,4b896581,Home,2025-07-19 00:48:05
2025-07-13,California,9bd59c4e,Search,2025-07-23 11:58:54
2025-07-14,California,6fef0d50,Checkout,2025-07-19 04:13:28
2025-07-18,Texas,acad7d23,Checkout,2025-07-14 07:57:00
2025-07-11,California,2362e837,Product,2025-07-12 08:46:29
2025-07-15,Florida,15d008e8,Search,2025-07-18 15:06:09
2025-07-17,Washington,ed7f391b,Search,2025-07-14 16:45:55
2025-07-11,Washington,90dcdcb3,Checkout,2025-07-16 09:34:32
2025-07-18,Texas,a9b1287a,Cart,2025-07-21 04:29:51
2025-07-12,Washington,5e78787f,Search,2025-07-17 17:31:53
2025-07-11,California,aa84dce2,Search,2025-07-12 08:34:53
2025-07-12,Texas,21b52de4,Home,2025-07-22 03:52:36
2025-07-14,Florida,78e5176c,Cart,2025-07-17 08:25:28
2025-07-16,California,807ec402,Home,2025-07-15 10:52:17
2025-07-20,California,9bca0f33,Cart,2025-07-14 06:03:35
2025-07-22,California,88d9b288,Home,2025-07-10 08:03:40
2025-07-11,California,1b5488cf,Search,2025-07-18 16:44:54
2025-07-18,Texas,65da0d00,Cart,2025-07-10 19:21:13
2025-07-13,Washington,7f9380b2,Search,2025-07-21 17:05:30
2025-07-15,Texas,5731ff7f,Product,2025-07-12 01:24:42
2025-07-11,California,6e1c4d85,Home,2025-07-13 16:01:44
2025-07-21,Texas,be479a8c,Product,2025-07-15 11:16:38
2025-07-10,Texas,08afb5fe,Cart,2025-07-11 22:45:48
2025-07-18,New York,49859bdc,Product,2025-07-15 19:24:22
2025-07-24,Florida,bc1cd58f,Cart,2025-07-18 13:53:46
2025-07-22,Florida,042aca02,Search,2025-07-14 02:20:24
2025-07-21,California,e7bc248f,Cart,2025-07-19 08:52:41
2025-07-24,Florida,5fa916cc,Checkout,2025-07-16 01:23:20
2025-07-15,New York,3272b2b1,Search,2025-07-13 07:59:30
2025-07-16,Texas,2c263d4e,Checkout,2025-07-13 06:31:47
2025-07-16,Washington,f78e1392,Cart,2025-07-19 21:54:35
2025-07-16,California,9d89d7fc,Search,2025-07-21 05:23:03
2025-07-16,New York,2d36734a,Cart,2025-07-19 07:04:27
2025-07-10,Washington,aa5bbddb,Cart,2025-07-10 14:48:49
2025-07-23,Florida,05942049,Product,2025-07-11 00:12:48
2025-07-15,Florida,5e4a25b2,Search,2025-07-12 03:22:15
2025-07-24,Florida,b6e212fa,Checkout,2025-07-20 23:47:13
2025-07-14,Florida,88cefc8a,Cart,2025-07-16 09:54:11
2025-07-14,Texas,e4762e4a,Home,2025-07-18 21:18:35
2025-07-12,Washington,d90a4c6e,Search,2025-07-13 22:45:47
2025-07-10,Texas,7f6f6b04,Search,2025-07-10 18:10:56
2025-07-17,Texas,414d7126,Home,2025-07-17 14:13:43
2025-07-16,Washington,5871646f,Cart,2025-07-24 08:23:23
2025-07-21,Florida,772dc761,Cart,2025-07-16 21:10:23
2025-07-14,Florida,7672f2ed,Product,2025-07-22 08:49:33
2025-07-15,Florida,0399ffc1,Search,2025-07-21 01:57:40
2025-07-17,Washington,acfe25a6,Checkout,2025-07-12 13:58:14
2025-07-20,California,b09f6dda,Home,2025-07-20 04:34:33
2025-07-21,New York,6c7b5178,Search,2025-07-22 10:38:05
2025-07-13,Florida,a4f745ff,Cart,2025-07-22 20:26:19
2025-07-17,California,24f065ba,Product,2025-07-19 08:53:36
2025-07-13,Washington,20810219,Checkout,2025-07-19 15:36:07
2025-07-22,New York,de91696f,Cart,2025-07-19 00:20:26
2025-07-15,Florida,2d941296,Home,2025-07-14 04:19:01
2025-07-24,New York,610245f3,Cart,2025-07-24 03:38:52
2025-07-15,New York,c55ab805,Product,2025-07-18 02:19:16
2025-07-12,California,4c220b03,Product,2025-07-23 21:16:29
2025-07-21,New York,5599252f,Home,2025-07-17 16:47:41
2025-07-12,Florida,2415d840,Search,2025-07-21 17:05:32
2025-07-17,New York,a851e07f,Search,2025-07-14 09:21:09
2025-07-19,Texas,d6eee46f,Cart,2025-07-21 18:55:44
2025-07-12,Texas,904eb8ef,Search,2025-07-11 19:20:31
2025-07-12,New York,bdc4c3cf,Product,2025-07-21 14:33:29
2025-07-15,Florida,cecce6b6,Home,2025-07-10 18:10:08
2025-07-23,Florida,3c2bfb9f,Checkout,2025-07-14 00:33:21
2025-07-17,California,a9806fff,Checkout,2025-07-15 01:05:10
2025-07-12,Texas,23282513,Cart,2025-07-20 02:07:06
2025-07-16,California,fb4310df,Checkout,2025-07-20 05:26:55
2025-07-20,California,edb5cdf5,Product,2025-07-16 13:42:32
2025-07-13,Florida,f5bc4ef6,Search,2025-07-11 03:49:00
2025-07-16,California,91529125,Home,2025-07-17 12:41:01
2025-07-14,Washington,3b5df83c,Checkout,2025-07-21 18:25:13
2025-07-19,Florida,7eed540a,Cart,2025-07-13 13:39:21
2025-07-12,New York,dd5ac163,Cart,2025-07-15 23:04:58
2025-07-16,Florida,9ae32801,Home,2025-07-12 01:18:45
2025-07-24,Florida,107e5936,Home,2025-07-14 15:49:37
2025-07-15,Texas,94fba362,Search,2025-07-11 19:03:15
2025-07-17,Washington,66eb3983,Cart,2025-07-16 02:25:38
2025-07-15,Washington,54a65097,Checkout,2025-07-24 18:08:56
2025-07-23,California,311a2ae6,Checkout,2025-07-18 05:33:05
2025-07-17,New York,2644257c,Home,2025-07-24 08:43:26
2025-07-11,Florida,105d9106,Search,2025-07-18 16:48:48
2025-07-18,California,75ccebff,Search,2025-07-18 22:56:22
2025-07-22,New York,42a70c93,Checkout,2025-07-24 21:09:48
2025-07-13,Florida,56611189,Product,2025-07-12 20:14:20
2025-07-15,Florida,e6e44414,Search,2025-07-12 20:52:40
2025-07-21,Florida,1ddd592f,Home,2025-07-21 21:44:57
2025-07-23,Washington,ae587e4c,Product,2025-07-21 17:26:42
2025-07-12,Washington,978acc50,Cart,2025-07-13 12:32:20
2025-07-24,California,42a9bb50,Search,2025-07-19 10:54:42
2025-07-10,New York,4386f8a1,Cart,2025-07-23 07:16:34
2025-07-14,Texas,5ecc70fc,Product,2025-07-10 03:54:12
2025-07-22,Washington,f62b423e,Search,2025-07-22 17:32:04
2025-07-19,Washington,ef5d0051,Home,2025-07-13 15:26:56
2025-07-12,Texas,f024e27e,Search,2025-07-15 17:24:39
2025-07-11,Washington,aaa380b9,Search,2025-07-13 10:00:51
2025-07-20,Washington,0fae21ad,Cart,2025-07-18 20:56:31
2025-07-13,Washington,87498840,Home,2025-07-16 08:13:38
2025-07-21,Washington,0f4f651e,Home,2025-07-21 16:22:07
2025-07-13,Washington,8b2b8d56,Cart,2025-07-20 03:45:45
2025-07-18,Washington,1edcd9c5,Checkout,2025-07-22 16:01:25
2025-07-12,Texas,80dda3c6,Checkout,2025-07-17 06:40:16
2025-07-15,California,490cbff6,Search,2025-07-22 06:25:46
2025-07-16,Texas,7fe32b78,Search,2025-07-22 01:49:38
2025-07-11,Florida,17472556,Checkout,2025-07-21 10:39:20
2025-07-10,New York,362fac11,Cart,2025-07-11 10:32:22
2025-07-13,Washington,f2317991,Home,2025-07-15 11:59:35
2025-07-11,Florida,6b1e9163,Home,2025-07-18 17:11:29
2025-07-20,California,0a3e97e2,Cart,2025-07-13 00:01:14
2025-07-21,Texas,b2a0ae82,Search,2025-07-22 16:40:30
2025-07-13,Florida,dc9df332,Home,2025-07-20 13:54:53
2025-07-12,New York,c75ee912,Cart,2025-07-13 11:24:00
2025-07-12,New York,75618226,Product,2025-07-23 04:47:34
2025-07-19,Washington,5950dc06,Search,2025-07-16 05:25:33
2025-07-22,Florida,36a6861f,Cart,2025-07-23 23:08:47
2025-07-17,Texas,733e323a,Home,2025-07-23 15:48:51
2025-07-23,Texas,3c12946a,Home,2025-07-18 05:30:25
2025-07-18,Washington,7a96653b,Home,2025-07-20 16:00:43
2025-07-14,Florida,3832bb98,Home,2025-07-22 12:23:59
2025-07-17,Texas,fcf45243,Product,2025-07-13 17:14:12
2025-07-14,New York,3f070496,Checkout,2025-07-19 14:21:12
2025-07-14,New York,f48e16da,Cart,2025-07-21 23:48:49
2025-07-22,Washington,bc20107a,Cart,2025-07-24 13:36:22
2025-07-10,New York,08eec546,Cart,2025-07-21 11:08:10
2025-07-12,New York,1621ba0e,Home,2025-07-22 11:11:25
2025-07-12,Texas,403e4c06,Search,2025-07-20 18:08:21
2025-07-15,California,177f0cf8,Home,2025-07-19 11:42:30
2025-07-19,California,5e98d0b7,Checkout,2025-07-17 09:00:36
2025-07-16,Texas,deb0a18e,Search,2025-07-16 05:04:59
2025-07-19,California,92b07c98,Home,2025-07-19 14:36:03
2025-07-19,New York,f4b81905,Checkout,2025-07-12 05:32:38
2025-07-22,Florida,362cfb38,Product,2025-07-16 22:40:20
2025-07-19,New York,89d38eca,Product,2025-07-18 03:58:14
2025-07-21,Texas,6548870b,Home,2025-07-20 13:20:44
2025-07-19,Washington,757a8c86,Search,2025-07-18 11:42:54
2025-07-23,New York,9788f9af,Search,2025-07-15 13:25:37
2025-07-24,New York,f6ddade9,Product,2025-07-13 08:57:39
2025-07-18,New York,7b2e4617,Search,2025-07-16 12:32:02
2025-07-12,New York,f3fec367,Product,2025-07-21 22:36:48
2025-07-18,New York,4882b877,Cart,2025-07-19 02:51:58
2025-07-14,Washington,0f15bcf1,Cart,2025-07-20 17:17:06
2025-07-22,New York,f24cc6ff,Cart,2025-07-21 08:47:08
2025-07-15,New York,9991a7f2,Home,2025-07-16 07:12:08
2025-07-24,Florida,a3ffa0e7,Home,2025-07-17 02:16:26
2025-07-20,Texas,82e88723,Product,2025-07-16 08:11:09
2025-07-24,Florida,fb9117dc,Checkout,2025-07-22 09:06:02
2025-07-14,California,095b49e9,Product,2025-07-16 12:28:42
2025-07-11,New York,aeed76b9,Checkout,2025-07-18 13:26:44
2025-07-21,Washington,470bbc57,Search,2025-07-16 04:34:28
2025-07-21,Washington,91b81801,Product,2025-07-14 14:34:19
2025-07-14,New York,c217e88c,Product,2025-07-17 18:23:47
2025-07-16,New York,53e36972,Product,2025-07-20 00:50:22
2025-07-20,Texas,e2bfbb8e,Search,2025-07-18 00:47:35
2025-07-23,Washington,62e7d66d,Checkout,2025-07-10 06:40:48
2025-07-19,New York,b5fb3870,Search,2025-07-10 04:32:33
2025-07-22,Florida,eb3bb20b,Search,2025-07-15 23:28:05
2025-07-24,Texas,45cf84e1,Checkout,2025-07-23 01:57:11
2025-07-24,Florida,f616d0e0,Product,2025-07-24 19:17:32
2025-07-11,Florida,b85ac3ac,Product,2025-07-24 20:30:42
2025-07-12,California,e379e8ba,Search,2025-07-11 13:08:34
2025-07-22,California,15770aa3,Product,2025-07-23 03:53:07
2025-07-20,Texas,ff7f6b27,Cart,2025-07-12 11:10:19
2025-07-22,New York,a5656b6d,Home,2025-07-18 10:00:15
2025-07-21,Washington,e2db5636,Cart,2025-07-23 04:36:02
2025-07-15,Texas,e5ddd570,Home,2025-07-23 04:03:12
2025-07-20,Florida,4eb28726,Checkout,2025-07-12 10:22:46
2025-07-14,Texas,89e6ab71,Product,2025-07-16 11:24:53
2025-07-21,Florida,cd98c749,Cart,2025-07-21 15:23:37
2025-07-15,Florida,e8a8cc29,Checkout,2025-07-12 17:52:41
2025-07-12,Florida,0742f5b6,Search,2025-07-12 01:39:40
2025-07-19,New York,5939be79,Search,2025-07-12 18:51:05
2025-07-21,Texas,234e560b,Cart,2025-07-18 17:54:01
2025-07-23,Washington,15ba7ea2,Cart,2025-07-21 06:23:12
2025-07-10,California,f0569b84,Search,2025-07-22 02:14:32
2025-07-14,Washington,4bd90a64,Cart,2025-07-21 14:00:50
2025-07-18,New York,04144fd7,Checkout,2025-07-17 05:40:04
2025-07-10,California,e4624051,Search,2025-07-21 13:06:47
2025-07-15,New York,4059816a,Checkout,2025-07-13 22:04:45
2025-07-18,California,b933bc1d,Home,2025-07-13 23:52:58
2025-07-12,California,d86f9c17,Product,2025-07-19 12:41:41
2025-07-17,Washington,679af6ca,Search,2025-07-14 21:14:05
2025-07-23,Texas,e0051a12,Home,2025-07-10 16:21:48
2025-07-19,New York,7d75b813,Search,2025-07-18 11:23:47
2025-07-16,Texas,4b22069e,Checkout,2025-07-14 12:15:04
2025-07-12,Washington,6e093cda,Checkout,2025-07-21 00:32:18
2025-07-20,Washington,e3e09fcc,Cart,2025-07-18 00:20:48
2025-07-10,Texas,963b80a0,Product,2025-07-20 04:07:24
2025-07-18,Florida,0f887615,Cart,2025-07-14 20:35:27
2025-07-16,Florida,fb702638,Checkout,2025-07-20 04:15:00
2025-07-10,Florida,27cb0c56,Home,2025-07-11 09:09:58
2025-07-14,Texas,7fe5a07d,Home,2025-07-22 07:56:47
2025-07-15,New York,c0724986,Home,2025-07-12 01:04:21
2025-07-22,Washington,eae8c1ce,Search,2025-07-13 04:56:59
2025-07-23,Washington,144dd2cc,Home,2025-07-10 17:24:43
2025-07-18,New York,5abfb20b,Product,2025-07-21 09:13:38
2025-07-18,California,8a28e031,Product,2025-07-23 10:42:20
2025-07-22,Washington,a849401c,Home,2025-07-21 19:47:52
2025-07-21,New York,c09f31cc,Search,2025-07-16 04:17:39
2025-07-12,California,39357475,Cart,2025-07-15 13:18:11
2025-07-18,Washington,dc95576f,Checkout,2025-07-18 09:40:47
2025-07-22,Texas,9c5faaf4,Cart,2025-07-24 12:47:20
2025-07-18,Texas,72be90c6,Cart,2025-07-24 16:19:20
2025-07-13,Texas,aa445a27,Product,2025-07-20 13:20:39
2025-07-24,Washington,08e253cd,Cart,2025-07-17 17:26:40
2025-07-16,Texas,2628a0a7,Search,2025-07-13 06:04:08
2025-07-19,Florida,5abb4476,Home,2025-07-12 15:13:08
2025-07-10,Washington,46773927,Home,2025-07-17 13:34:23
2025-07-11,Florida,0203f93a,Search,2025-07-17 13:10:10
2025-07-13,California,e90c798c,Cart,2025-07-12 20:25:14
2025-07-24,New York,df87d2a5,Checkout,2025-07-21 23:48:31
2025-07-11,California,41c10838,Home,2025-07-20 01:44:10
2025-07-15,Florida,3b84f949,Cart,2025-07-24 19:21:42
2025-07-16,California,8994dcbc,Product,2025-07-18 08:04:41
2025-07-14,California,91bbd991,Home,2025-07-18 02:47:56
2025-07-13,New York,4c033bc1,Home,2025-07-13 23:46:06
2025-07-20,Texas,d2d0cd50,Checkout,2025-07-15 18:40:25
2025-07-15,California,922c8b29,Checkout,2025-07-21 06:18:40
2025-07-17,Washington,58195572,Search,2025-07-23 23:05:19
2025-07-22,Texas,8dcc311a,Search,2025-07-23 22:56:35
2025-07-11,Washington,21ce5bb1,Cart,2025-07-16 21:39:42
2025-07-10,Florida,fef1afcb,Home,2025-07-21 18:37:18
2025-07-17,Washington,e47bb503,Home,2025-07-19 13:32:09
2025-07-19,Texas,13f493ab,Search,2025-07-16 10:00:55
2025-07-23,Florida,fb9dd4c2,Search,2025-07-23 21:26:25
2025-07-14,Texas,bc2b1cad,Product,2025-07-11 23:43:57
2025-07-16,California,941dab84,Home,2025-07-15 21:37:03
2025-07-16,Washington,ecaee668,Checkout,2025-07-14 15:41:29
2025-07-15,New York,9655b055,Product,2025-07-15 19:44:10
2025-07-10,New York,18d702f1,Search,2025-07-17 09:49:05
2025-07-19,New York,5d616ed5,Cart,2025-07-24 09:13:29
2025-07-16,Washington,e7055953,Cart,2025-07-15 22:54:51
2025-07-10,Texas,48ce8188,Home,2025-07-13 00:13:26
2025-07-17,California,c25f5ef7,Product,2025-07-16 02:48:12
2025-07-20,Washington,7a1e466b,Cart,2025-07-17 05:09:47
2025-07-13,Washington,2f595a23,Cart,2025-07-18 07:15:45
2025-07-23,Florida,ac5b2383,Checkout,2025-07-24 21:04:18
2025-07-17,California,1d03ff8a,Cart,2025-07-18 17:31:12
2025-07-17,Florida,84d39cad,Checkout,2025-07-14 01:13:06
2025-07-16,Washington,acdca733,Checkout,2025-07-17 16:38:06
2025-07-13,Florida,9140a317,Home,2025-07-18 23:32:09
2025-07-13,California,bb060931,Home,2025-07-21 00:54:26
2025-07-23,Florida,b99d6d82,Cart,2025-07-21 14:10:28
2025-07-23,California,5d6ff7fd,Cart,2025-07-14 19:59:28
2025-07-22,Texas,02d6414f,Search,2025-07-10 21:23:51
2025-07-16,California,958cb292,Home,2025-07-16 12:56:44
2025-07-12,California,ed46bec8,Checkout,2025-07-19 01:29:09
2025-07-11,Texas,53a6515b,Cart,2025-07-24 19:45:10
2025-07-17,Washington,e0200e76,Cart,2025-07-24 22:50:54
2025-07-15,Florida,e12b2b26,Product,2025-07-10 06:09:06
2025-07-10,Washington,c3e67f84,Product,2025-07-18 05:20:45
2025-07-15,Washington,87811b14,Product,2025-07-12 20:59:13
2025-07-13,New York,4aad08b7,Home,2025-07-22 23:50:05
2025-07-24,Texas,6d4c100d,Home,2025-07-21 00:18:31
2025-07-24,Florida,701e0875,Search,2025-07-16 12:04:06
2025-07-16,Texas,f13ec916,Search,2025-07-23 14:37:40
2025-07-11,California,08b8304f,Checkout,2025-07-18 19:07:55
2025-07-17,California,33ea2414,Search,2025-07-16 20:27:28
2025-07-14,Florida,f25104f0,Search,2025-07-11 01:47:10
2025-07-23,California,be65c6e5,Search,2025-07-23 14:13:09
2025-07-22,New York,e60c8d0d,Home,2025-07-14 10:38:14
2025-07-24,California,aae49641,Search,2025-07-17 22:35:52
2025-07-11,California,a02b20c7,Checkout,2025-07-18 16:47:35
2025-07-23,Florida,2bedf5fc,Search,2025-07-19 11:30:19
2025-07-15,California,77e936eb,Cart,2025-07-13 11:24:27
2025-07-24,Washington,62624f0b,Cart,2025-07-11 23:46:33
2025-07-12,Florida,099067b0,Cart,2025-07-14 11:33:04
2025-07-24,Florida,fb51ed1c,Cart,2025-07-17 14:53:55
2025-07-20,California,18ac2160,Search,2025-07-16 07:51:45
2025-07-12,California,64c92465,Checkout,2025-07-16 22:46:16
2025-07-13,Florida,8dcad34c,Home,2025-07-24 09:24:09
2025-07-17,New York,43d22f8e,Home,2025-07-10 18:26:50
2025-07-18,Texas,e0eef605,Home,2025-07-14 03:09:29
2025-07-22,Texas,6260d219,Product,2025-07-16 22:58:08
2025-07-21,Washington,891654ef,Cart,2025-07-21 20:21:43
2025-07-17,Texas,047c2b23,Product,2025-07-22 21:27:48
2025-07-11,Texas,e442cfb8,Search,2025-07-13 04:47:08
2025-07-10,California,440a0cfb,Home,2025-07-20 23:32:54
2025-07-15,California,cabbaaf6,Checkout,2025-07-10 10:37:45
2025-07-16,Washington,b5380b1b,Home,2025-07-11 14:04:32
2025-07-17,California,c18976ea,Checkout,2025-07-10 14:08:32
2025-07-16,Washington,4b4f776c,Cart,2025-07-21 14:47:26
2025-07-24,Texas,85de38aa,Product,2025-07-10 17:58:30
2025-07-10,New York,7d681d19,Search,2025-07-11 17:20:26
2025-07-18,Florida,d91c49ed,Search,2025-07-20 10:21:45
2025-07-24,Texas,58690881,Checkout,2025-07-10 14:15:02
2025-07-12,New York,441a6b17,Home,2025-07-20 14:12:21
2025-07-20,Florida,1b17a30a,Cart,2025-07-19 01:08:03
2025-07-14,Texas,7f4c0494,Product,2025-07-23 03:47:17
2025-07-21,Washington,fdcfaf67,Cart,2025-07-20 12:50:07
2025-07-22,New York,dbd60380,Home,2025-07-19 19:45:49
2025-07-21,California,768323fc,Search,2025-07-11 20:19:54
2025-07-10,California,fd8ee765,Checkout,2025-07-11 22:52:23
2025-07-24,California,9e818a00,Product,2025-07-11 16:21:17
2025-07-24,Florida,e39fafcf,Checkout,2025-07-12 13:17:37
2025-07-12,Florida,9bc797b8,Cart,2025-07-19 06:27:02
2025-07-24,Texas,50875708,Product,2025-07-20 04:46:56
2025-07-17,Texas,d552269a,Search,2025-07-21 14:50:17
2025-07-12,California,c5458dad,Product,2025-07-21 05:38:00
2025-07-10,Texas,293abff6,Cart,2025-07-18 07:03:03
2025-07-19,Texas,38f6912c,Checkout,2025-07-21 01:44:30
2025-07-19,California,2fb08f66,Home,2025-07-15 15:02:13
2025-07-14,New York,4e0ee779,Cart,2025-07-16 06:50:54
2025-07-20,Washington,8423f660,Product,2025-07-14 10:43:10
2025-07-11,Texas,662b1e34,Product,2025-07-15 09:53:16
2025-07-10,Florida,3e2a2434,Product,2025-07-23 11:16:25
2025-07-11,Texas,9b9db3c7,Product,2025-07-15 10:06:42
2025-07-17,Washington,03a8094b,Checkout,2025-07-23 23:55:55
2025-07-15,California,2de5a7e8,Cart,2025-07-20 22:36:41
2025-07-10,New York,498f865e,Search,2025-07-10 20:50:19
2025-07-16,California,95ca0f2e,Search,2025-07-18 23:53:36
2025-07-21,Florida,58be3a1f,Checkout,2025-07-20 21:39:14
2025-07-10,California,160207b0,Product,2025-07-24 18:57:47
2025-07-21,Texas,89c0f224,Checkout,2025-07-19 12:46:53
2025-07-23,Texas,8150be09,Home,2025-07-15 17:00:42
2025-07-14,New York,decebd2e,Cart,2025-07-19 02:09:03
2025-07-23,Washington,47e00e0b,Checkout,2025-07-11 19:28:56
2025-07-20,California,46ae782f,Product,2025-07-23 20:41:41
2025-07-14,Texas,d7589c36,Checkout,2025-07-18 15:14:03
2025-07-18,Florida,854e6098,Search,2025-07-16 11:01:45
2025-07-20,Texas,e98114eb,Cart,2025-07-22 21:47:13
2025-07-11,New York,7ccd3a30,Search,2025-07-20 16:30:46
2025-07-15,Florida,a4b30307,Checkout,2025-07-17 06:34:11
2025-07-11,Washington,aae30ce0,Product,2025-07-16 15:28:02
2025-07-24,Washington,9df07aff,Product,2025-07-19 08:48:25
2025-07-21,California,b5f1a266,Cart,2025-07-22 14:36:45
2025-07-11,Florida,3631bbb5,Cart,2025-07-23 16:11:47
2025-07-16,Texas,b59d41c2,Product,2025-07-13 23:06:11
2025-07-11,California,f3d6de2f,Product,2025-07-20 14:56:15
2025-07-14,Texas,2017e050,Home,2025-07-17 16:57:34
2025-07-10,Texas,e11e0cbd,Search,2025-07-13 11:45:50
2025-07-15,Washington,4147cbdb,Home,2025-07-15 11:18:34
2025-07-18,New York,908687d5,Checkout,2025-07-22 04:42:32
2025-07-14,Washington,d61b2dcc,Home,2025-07-14 17:08:04
2025-07-20,Florida,6be98294,Home,2025-07-13 22:17:30
2025-07-15,Texas,0b2dbd31,Product,2025-07-17 09:49:54
2025-07-19,Texas,b7ec1554,Home,2025-07-17 16:10:01
2025-07-11,Washington,00f01e29,Product,2025-07-10 13:11:14
2025-07-22,Florida,3cc1a26d,Checkout,2025-07-12 03:46:37
